Source_id,Sentence_en
1,We will also learn how to identify the error.
2,"""In whom we have heard these things as well as well as our eyes, they are in all things, they may be possible."""
3,"Next, I will click on the mopop to the mopopopop that is at the top of the title."
4,We have already written the identity of the sake of the sake of the sake of the sake of id.
5,"""And the second time I am in the second time, when I am at the other time of the second day."""
6,We print the objects at the bottom of the objects.
7,Child exhibits trust in you all.
8,We can also understand the meaning of nature and their own nature.
9,"""To whom he gave us to give tribute unto you, and to morrow, and to morrow, and in the glory of you."""
10,"""Another is important to be placed in the month of A year, which is cooked by the area of rotation."""
11,They all will display the book.
12,The Principal speak in the Koha.
13,Let us go back to the top right corner and click on 0 to 0 to 2.
14,Click on the tab and Distribute options in the right side of the box.
15,Click on the index at the bottom.
16,This is because we have successfully added a message that we have been added earlier.
17,"""In the name of Yoga Yoga Yoga Yoga Yoga, Raja Yoga, Raja Yoga."""
18,They all are thinking.
19,"5. Apache, MySQL and PHP obtained through XAMPP"
20,"Here, we can learn how to use our home page."
21, ⁇ ा ⁇ कः  ⁇ ं प ⁇ ा ⁇ ति  ⁇ 
22,1. Acharya Charak
23,We can also add a application from the Launcher.
24,The path of the kabbatha is not visible to the fabric.
25,This is a list of these sayings which would be designed to make a clear text from gorororicicileile phone etc.
26,You will also learn about a teacher and this compararararterterure it.
27,Come back to your slides.
28,Boy displays affection in you.
29,Vayayayo: One who is born in my affliction.
30,"In this tutorial, I will have knowledge of Journal titled by:"
31,Sales Persons
32,• Sit in the buttocks and feet.
33,I will select the Brush tool as I select the brush and select the brush for the brush and I select the Fix.
34,Then we will open a new user account.
35,• Strengthens ankles and plants.
36,"""But now I speak unto you, but by the builder of God, which is like unto the Spirit of God, not made with God;"""
37,It is also performed through the display data of the block and block.
38,"""But when the whole man was come into the beginning of the world, he was not in the law of all nations, he had given unto him, and not all men."""
39,"""To avoid this problem, help to be able to prevented the floor."""
40,Create a Basket (4)
41,Mineral salts in form
42,"""And when the king was come into the castle, the land of Lune and vowowowowowowowow, they had seen in land,"""
43,This brings us to the end of this tutorial. Let us summarize.
44,These methods are similar to the methods.
45,There was a conch of Krishna.
46,"To know more about a file, type: ls space testdir.txt file.txt"
47,"For more details, please write to contact ⁇ spoken-tutorial.org/NMEICT-Intro."
48,"Now, let us install these options in Moodle, in Moodle 3.3"
49,"When I increase the products, I will make a package interface."
50,"""But unto all the chief priests and all the prophets, and preached him."""
51,Welcome to Meet The GIMP.
52,Let's give a variable to declare a variable.
53,Let us see that we see the priority.
54,We can see that our course is updated and Grade.
55,"Now, let us see how to create a simple project called NUlockDemo."
56,Child is sits down.
57,We all may be.
58,"So, I want to build some common errors which is as follows: as follows: and press Enter."
59,Move the palms on the ground.
60,"""And when he had taken him, they should kill him."""
61,Let us enter the meaning of the ‘AAAAati’.
62,Press Enter.
63,Let us open it with the loop.
64,Let us see how he has entered a character.
65,"""In the left, we may be clean and our body."""
66,The date of the date is not visible.
67,"If you do not have good bandwidth, you can download and watch it."
68,Create a group of Firefox and built- Create a small stitch to create an input.
69,"""To keep the right hand on the background and the right armation of the mind is still made by the right places."""
70,Change the color of the 'C' and change it to the CV.
71,Water is used in water.
72,Lord is the servants.
73,"In the Services, right-click on the Panel."
74,Here is an error.
75,We both will be staying here.
76,"""And they cried out with a loud voice, saying, Thou shalt not live in the kingdom of God, and to be called the kingdom of God."""
77,"So, the control goes to the displayMessage."
78,We can also use these methods.
79,Women are decorating.
80,Who is hearing the conch?
81,"""For it was not possible to make no sharpness in the eonononon."""
82,"""Exhale, bring the heels on the floor and chin touching the floor and chin touching the back."""
83,"Next, we will display the Wanned NCheckout."
84,Child is satisfied in the bag.
85,"""Again, the Lord hath chosen of the Lord, which hath chosen open an hundredfold."""
86,"""Cineine their finger, with sewing awareness"""
87,4. Moots don't have green green plants.
88,"And when I want to do so, click on the Nag tool."
89,We have a rectangle.
90,Sita by Hanuman Sita and Sita by Sita.
91,"Let us summarize. In this tutorial, we learnt how to catalog and Methods."
92,"""And when the centurion had given the deputation of the living living living living living things, the Gentiles had committed up into the sea, and the sea,"""
93,"""In this tutorial, we have learnt how to have knowledge of some of Library, respons and organicents, and organize their health."""
94,"Now, let us learn how to use Synaptic Package Manager."
95,These two objects are used to stem.
96,Click on Gmail link.
97,Who is a man?
98,That is a teacher.
99,"Eg: System dot c is equal to null, i.e.e.e.e.e.e.e."
100,"""By making Samyama on the frying of food, taste of the frying will be blessed."""
101,"""Which was not the chief priests of the Lord's sake of the Lord Jesus Christ's sake, but all the chief priests;"""
102,"""This is the food, we will be taken by the food of the food."""
103,He saith unto them.
104,"""Jesus saith unto her, Thou shalt be a man which is in Israel; and he sent me to me."""
105,Let us go back to the logo.
106,Sthiti: Supine Asanas - Bhujangasana. • Adopt Adi Shalabhasana.
107,Those are Asana.
108,Krishna is a god.
109,Monkeys will be able to go through the chariot.
110,Who was the Sutras?
111,Click on the right nostril.
112,No.
113,"""Then the Pharisees said unto them, Take heed that an an uproar of a prophet."""
114,This is there there in the house.
115,Let us add Service tax. We will add a new Tax which we created earlier.
116,"In the tutorial, we will learn about a video in the tutorial."
117,"Now, type: System dot txt and press Enter."
118,"In the library, we will learn about two types of Input/Outputing functions."
119,"Next, let us open the book “f”."
120,"""But the angel of the woman, and unto him, saying, Behold, no man be made with the Holy Ghost."""
121,"But, an exclamation marked to be added an angle bracket or double-angled bracket 'a'."
122,Now we can see the identity of users.
123,"""That all are in the beginning of the world, who is not the world."""
124,"""Now, we can give the corresponding day to another."""
125,This video the following code to extract the input from the Employee class as shown.
126,You are learned.
127,What is the main cause of the village?
128,"Now, let us see the source and the addition is replaced."
129,"In the Class field, type: ‘www.6666666666666666666666666664’."
130,Now we will see the error message as an error.
131,This is supported by the right of the body.
132,"In this case, we have to write a sequence in the sequence of an array-angled bracket?"
133,Move the circle and draw a guideline from green and white.
134,A dialog box appears with the dialog box.
135,"Now, let us come back to the shapes here."
136,S. D. Dryryry My name is moved.
137,We can see that we have been returned to our application.
138, ⁇ व ⁇ प ⁇ ं  ⁇ प ⁇ प ⁇ प ⁇ ं  ⁇ ं कर ⁇ ति  ⁇ 
139,"This is useful to open your Moodle document and LaTeX, TeXworks to display the current browser of Moodle. And click on our machine."
140,We can see some expressions from the question mark of the block.
141,We can see here.
142,"However, Internet Explorer should be completely."
143,And our program will look at the same program.
144,• Keep the legs to the ground to the ground.
145,"""This is a small way, on the hand side of your finger."""
146,Krishna placed the chariot in the chariot.
147,I will learn about this tutorial. I am using Spoken Tutorial Library.
148,The Spoken Tutorial Project is a part of the Talk to a Teacher project.
149,Please select Spoken Tutorial Library.
150,"""And when they had taken the sea, the light of the light, they did eat."""
151,Go to your browser and open your computer.
152,You may be as Superlibrarian account.
153,and graphic objects are used for various components.
154,More information on this mission is available at the link shown.
155,"However, Internet Explorer should be avoided, as it causes some display inconsistencies."
156,Type the command: cd space date and press Enter.
157,Let us see what we are the question.
158,"""For this is the path of the world, and no more than the world, that we are in the world."""
159,Let fingers point backwards.
160,"""But I say unto thee, The Holy Ghost shall say unto you, The Holy Ghost shall be in the Holy Ghost."""
161,"""This is written by the verses of the verses of consciousness, like the Rulses of the verses, etc."""
162,"""And if he shall be taken the dead, he shall not be able to teach the Holy Ghost, and shall be able to teach him."""
163,I think.
164,The 'RRRRRRRRRRRRARI' will contain the number of users.
165,We know that the body is a hanger of the body.
166,The text is used to make a complete Inkscape.
167,Let the knee straight and bring the head apart from the ground.
168,We see that the file is in the file.
169,"""And he spake unto him, saying, Behold, thou art the fig tree, Behold, the do that thou art come into the beginning of the Lord."""
170,explain the meaning of Sukshma Vyayama
171,"So, I just just just just just just just just just just just just just just just through the white."
172,HAARRRRRRRRRRUUUU9999999999 to print the input file.
173,"""And Jesus answered and said unto them, Verily I am no more."""
174,"""And it is written, Thou shalt not be born in the kingdom of God which is in the kingdom of God."""
175,"Now, let us see how to create a process of directories."
176,Now click on OK.
177,This video summarizes the Spoken Tutorial project.
178,"And, I will select a constructor which is created earlier."
179,One may be able to understand.
180,Today there is cooked.
181,Welcome to the spoken tutorial on this tutorial.
182,"Next, we can see the book of the current directory and the parent directory."
183,That is a wheel.
184,This is used for the table that we need to use the user accounts that we need to use it.
185,"Now, inside the printf statement, we need to print the function of dot awk."
186,3. I have seen the process of stem. You are available at any time of our brain.
187,The most important of the culture.
188,"So, I will select a message as follows."
189,The path of you must be used in order to learn about the attack of thedevelopment.
190,"So, practice this practice helps to increase your breath your breath or an automatic and an hundredfold."
191,"Spoken Tutorial project is a part of the Talk to a Teacher project, supported by the National Mission on Education through ICT, MHRD, Government of India."
192,The Spoken Tutorial Project Team conducts workshops using spoken tutorials.
193,"""But he said unto them, Thou shalt not be judged, but the Holy Ghost shall not be saved."""
194,Satyaki is known as Kandhya.
195,"""Then the right hand of the right hand, take heed to the right corner of the right corner."""
196,Teachers tolds.
197,Souths ornaments in folk songs.
198,"""And the chief priests had been brought to them to them to kill them."""
199,"So, I want to pull a new line and now I can see that I can select the color of the layer mask and now I want to select the color of the white colour and so I can see the white colour."
200,"""And he saith unto him, Thou shalt believe on him."""
201,Write a great type of India.
202,Let us fix this option.
203,You may be able to
204,"""To avoid this thing, it is easier."""
205,"""Therefore if ye be glad, ye shall not be able to be able to live in the world; but he shall not live."""
206,This is because we want to increase the values of the variable “p”.
207,Now press Ctrl + Z to undo this action.
208,Click on the Selector tool.
209,I will leave this.
210,This practice is done through the breathing that you may take out from the corner of the body.
211,"Now, we will learn how to print the values of a particular module."
212,Click on View Options menu.
213,"In the Tool controls bar, you should be used to use documents."
214,Capital NFFIT9994
215,Use and tick for loop
216,Provision is given by clicking on the Sales Person.
217,"""And he saith unto him, Why is this mountain, Behold, we have no more?"""
218,Boy has friendship on that.
219,The next page is created a list of the users.
220,"""And when he had taken a ship, he had been saved unto them: and said unto them, Thou hast sent me."""
221,The Configure – KTouch dialog box appears.
222,Child exhibits trust in these all.
223,"In the table, I will select the needle and I will select Author."
224,"""This is written in the wilderness, Thou shalt not be grieved, and thou shalt not kill all the Jews: but thou shalt not kill me."""
225,Shri Krishna is a singer.
226,This completes one round of Sukshma Vyayama or DNA.
227,What are the following command:
228,"""And when he was done, the Son of man shall be fulfilled in the world, which is at the bottom of the world."""
229,Type the command: cd space date and press Enter.
230,"""This is the wife of the wife, and wife, which is the wife of the device, was given by the wife."""
231,"""Then the second method of the pot's hair, the second round."""
232,Who are you all teachers?
233,The next course is Course settings which means that the course has been added to the course of the course will be visible to the course.
234,Those are two dancers.
235,Here is a General Ledger tab.
236,"""But ye have seen the Spirit of the Lord Jesus's palace: and ye have no man according to my Father, and with me;"""
237,But it is not possible.
238,"""Then the Lord of the Lord, which was in the Lord of the Lord, which was in thy feet, which is in the Lord Jesus Christ."""
239,"""It is possible to increase your sensory organs,"""
240,Aroundnutrition is the ability to be replaced by nature and has been saved by the whole surroundings.
241,"""In this way, it is less than or a great wind, it is not possible to be served to the body."""
242,"The common errors which is written in Sanskrit language, it will be avoided, it was 109 to 10."
243,What is the son of the son?
244,We can see that our home file has been opened in the home file ‘www.pdf’ file.
245,"""By making Samyama on the elements of the lungs."""
246,"""Now do so, let us be the promise of our Lord Jesus Christ."""
247,"""They have been seen in Indian rural economy, which has been explained in India, gilosophy, etc."""
248,Notice the users in the Code files link to the Desktop.
249,Notice the small amount of the small or red box in the original color of the red bar.
250,"""Among months, Shatrugheeeeeeeeeeeeeee and Shala."""
251,"""And in the form of the eonononon, when there had been done by using the brethren, they would have been possible."""
252,These may speak
253,"However, Internet Explorer should be access to the web browser."
254,"""And the chief captain commanded him to be brought him to the castle, and to be saved by the judgment of you: for if any man be punished."""
255,"""And he said unto him, Let me follow this."""
256,Crystal View Options is dance.
257,"""After hearing that news, Bharat and Shatrughn should be able to kill."""
258,Then click on Site Administration.
259,"""And the stay in the midst of the ship, and dissolution."""
260,"""I have been written unto you, that ye have heard these things of you: for I have been sent unto you."""
261,A new page opens.
262,and import the Tux Typing link in the Code Files link.
263,"For example-nirection, write an array by an array of elements."
264,Those two are a boy.
265,Save the image in the image.txt file.
266,Type 4
267,Let us start with a hanger in every house of every house.
268,This is possible to keep your hands on your mind.
269,It is important to note that: It is important to note that this is called ‘www.
270,"""And they were written by the Lord Jesus Christ, and unto all the grace of God;"""
271,"""And he saith unto him, Art thou not this parable, Is not this?"""
272,"Before again, let us add a 2 items."
273,Let us open a terminal.
274,"Now, let's be going to check the check-box for the user’s Line."
275,"""There is an important role in different cultures such as a different cultures. However, it is an hundredfold, satellite, 55"""
276,You can see the curve.
277,"Now, let us see how to write a file to write a file."
278,"""And when they had heard the apostles, they went into Antioch, and Timotheus, and Timotheus, when he had received him in the people, he had found him."""
279,"This is done by default, you can see some changes."
280,This brings us to the final application with normal strings.
281,"But when I want to change the colour to Normal mode, I don’t want to pull it."
282,"But, you can see that the output has been changed to the correctly."
283,Let us understand what happens in the main method.
284,"To install web browser, I will use a web application as an integer."
285,Let us see the code in the code.
286,"""This is necessary to live by water, fire, water, fire, water and cattle."""
287,"""And the servants, and said unto him, What is come unto the Lord, and said unto him, What manner of thy daughter!"""
288,First was the first of Kama of Kama.
289,"""And when the disciples was departed, he went into the synagogue, and went into the kingdom of the devil, and came into Damascus."""
290,"Now, let us switch back to our code and save it."
291,"From the menu, draw a Web and Netbeans IDE."
292,"""Brethren, and Pharisees, let us be account of the world, and to be revealed by the law of the world."""
293,And I will show you this code for you.
294,Rama shines.
295,"""And he saith unto him, Thou shalt have made this man with all nations. And he saith unto him, Let us go into Damascus."""
296,Then we will set an attendance to 10.
297,"In the output, the length of the string will be displayed as input."
298,"Fort – Windows, MariaDB and decrease the upper files are taken from our machine-gradable and extracted."
299,"""This is the reason for the Sanskrit words, we will make our body and organize the body."""
300,Let us go to the centre of the box.
301,"""And the Son of a devil, and commanded him to be sent to him."""
302,Make sure the palms on your hands.
303,"Now, we can see the objects on the object or editing the objects. This is, it will be used by default."
304,"""And as they did eat, and to come into the midst of sins, and slew him."""
305,Scroll down and click on Save button at the bottom of the page.
306,Double-click on the file or right-click on the destination file. And delete it.
307,"""Then Jesus took his disciples, and went into a certain country."""
308,Both these things are the singer.
309,"""For if thou be the law of the prophets, I shall be fulfilled, and unto you, and of the Spirit of the Spirit of the world, and unto me."""
310,"""If thou be the Son of God, the earth be fulfilled the earth, and the dead, and the earth cast into the mouth of God, and the earth."""
311,and close the document.
312,"""""""What is the reason in the sky, sir?"""" Vivek asked, Who is the sky? When does not be included in the earth."""
313,Let us now change the check-box in Mopance.
314,"Now, go to the tab 'CCCCCCCCCIICCCCCCIITTTTCCCCIIIYYYYYYYY' and EORRRRRRRRRRRRRRRRRRRRRRRRRRRRRRRRIIIIIIIIIIIIIIIIIIYYYYYYYYYYYYYYYYYYYYYYYYYYYYY"
315,There are there in front of the army.
316,"""To avoid this problem, blast out the air and mind to be required for the air."""
317,Stretch the back straight.
318,And he that shall be born of the flesh; and the more than raiment.
319,"""After observing the legs together, legs on the ground."""
320,Snake lives in the cave.
321,My name is Rolf Steinort and I am recording this in my name.
322,Those two are friends.
323,These are done through Suryanamaskara and Pranayama helps in the three lobes or sections.
324,"""In our main, we can see the word of our vananantha, we can be able to be able."""
325,"Now, we have successfully successfully added."
326,I will learn about Sanskrit words in Sanskrit words.
327,Double-click on the selection as shown.
328,If you should be equal to: e.g. a=b
329,Click on the Selector tool and Distribute options in the right side of options.
330,This is the output as “se”.
331,"So, if the condition will be executed. Then we display the condition of if we display the condition of increment in this condition."
332,"Now, we can see two objects."
333,"""To avoid this, live by default,"
334,"Now, let us change the name of final variable name. We will change the name of final variable."
335,"Now I am back to the GIMP. So, I am back to the GIMP. So, I switch off the GIMP and switch off the GIMP."
336,"If our command is the following lines, the command will get the following lines from the following lines and then the lines is trying to be multiplied."
337,Warning!
338,"Now, let us see how to show the showDetails() method in parentheses."
339,Click on the color to create a row pattern.
340,"""But if thy peace be done, then all the law may be able to the left side of the window."""
341,"""And the high priest of the Lord is come to the end of God, that is come to the end of God."""
342,We have created a class with the class with an array.
343,You will save a message that says “PATEE has been saved.
344,"For example, we have to see that we are in the end of an example."
345,Jnana Yoga
346,Students wrote Sanskrit.
347,"""And he went into Galilee, and went into Galilee, and saith unto him, And Jesus."""
348,"""And he answered and said unto him, The Holy Ghost shall be called unto the Holy Ghost."""
349,I will enter the values of Science.
350,The path of the home folder is used to be moved into the attack of thedevelopment.
351,I will leave the Showder.
352,"We have completed this tutorial, we will be able to create."
353,This will open the date from the time as shown.
354,"Now, we need to use multiple operators."
355,You two are a bow.
356,"Lastly, click on Save changes button at the bottom of the page."
357,Click on the drop-down list of the drop-down to copy of India.
358,"When you increase your selection, you can see that they may refer to your Moodle site."
359,"""And he asked him, He was able to download and gives no more more about him."""
360,The percentage of the army of the army.
361,You may be used for serving.
362,know that the meaning of organisms.
363,"Click on the Rotate button at the bottom of the drop-down, click on the tab."
364,Select any other options.
365,The second is because it has been used to live by water and I don’t want to live by the middle part of water.
366,"""And if he be in the body, the body be dead?"""
367,Type the return statement.
368,read about the following:
369,"""Jesus saith unto her, Master, we may be able to eat in different places."""
370,The Spoken Tutorial Project is a part of the Talk to the Teacher project.
371,Now type: ls space testdir.
372,Select the Auto-complete in the Tool controls bar.
373,The text has been contributed by default.
374,"""And the Pharisees said unto them, If thou art the Holy Ghost had seen the Holy Ghost, and bound up the Holy Ghost, and delivered me to the Holy Ghost, and delivered me into Damascus."""
375,"In the same way, we can see that the actual color of the packages are getting updated."
376,I select the Level slider. I select the statue and click on the right side of the window.
377,Boy displays compassion in them.
378,Krishna gave Krishna to Krishna.
379,"As an assignment, write an assignment for an assignment."
380,"""Among the god, and the god is the god."""
381,Fourness in the form of such as well.
382,"From the Categories, select Web."
383,"""""""It is supported by the Sun here. He is the same way."""
384,"""And when he had taken up the midst of the prophets, they shall kill them, and kill them, and shall kill them."""
385,Let us see that this condition is satisfied
386,Let us see what is the value of 0 is satisfied.
387,"For this, let us create-"
388,"Let us see how to modify the Add- Create a Date item, select Bones."
389,Jagah: One who is born as the moon.
390,Now I am doing this image.
391,Create a dialog box.
392,Boy displays humbleness in you.
393,Boys are there in them?
394,But a static method can be used to access the static method.
395,"""There is no pleasure in the midst of the midst of cows, animals, water."""
396,And here is a poster which says that the packages has been executed.
397,"Now, we see a square of the image and the forefones of the image."
398,Now we will learn how to invoke the static method on static method.
399,"""This is not like unto fire, nor yet yet yet they eat."""
400,Here you can see a new node in the Code Files link on the GIMP.
401,He is written by the Principal.
402,He will be seeing the fruit.
403,"In the location bar, select the Text folder which appears. From the tool, select New tool."
404,This is our header file.
405,I will be born as “AAAAAAAAAAAA base”.
406,You all will take the king.
407,And the weight is not equal to 40.
408,Aroundnutrition is a tentherer of ozzzzi-zzzzzza.
409,"""For we have saved the law of sin, that we had saved the law of sin; and they had saved unto the days of sin, and not seen."""
410,"""But if you go into the GIMP, I don’t want to save the GIMP."""
411,Let us delete the file.c.c.c.c.c.c.c.
412,This is a teacher.
413,You are samskritam.
414,"""Then the brother answered and Paul, and Philip's brother's brother, and Philip' sake;"""
415,"The high priest's lumped from the other side of each other. Say, the last of every day are taken from the mouth."
416,"So, type the text as FTTT. Click on Save."
417,"""I speak to the brethren, that ye may not be able to speak unto you, but for the brethren, not as we have received with me, and not afraid."""
418,Click on the Calculus course at the bottom of the page and then click on the Users tab.
419,"""And the children of them, and said unto them, Take heed that thou hast made the mouth of the mouth of the mouth."""
420,Maintain the main method with normal brackets.
421,Then click on Add a question mark.
422,There are there in the temple.
423,"In this tutorial, we will learn how to catalog Serial subscriptions."
424,Let us go back to the top side of the menu.
425,"""And I speak unto them, and said unto them, Thou shalt not be in the Holy Ghost, and in thee, and in thy name of God, as thou hast made me."""
426,1. What is the name of Judaea?
427,God is God everywhere.
428,"""But he saith unto them, Let me sin now, but sin is no sin."""
429,TERMINAL QUESTIONS
430,"From the drop-down, I will select the Name as ""A""."
431,The cows will be required to eat.
432,You will give a simple commandment.
433,"""Then the word of the prophets, and began to teach them that were written in the law of the prophets, and said unto them, Thou shalt not be able to speak with them."""
434,As an assignment:
435,"Now, we write a command."
436,The Spoken Tutorial Project Team conducts workshops using spoken tutorials. Gives certificates to those who pass an online test.
437,Overall i.e equal to 10.
438,Sit by hearing the mouth of your mind.
439,You can also use Synaptic Package Manager or some common materials.
440,"This has been contributed by default, MHRD, Government of India."
441,Teacher will all the teacher.
442,"""For if it was born, the dead which is dead, save the God of God."""
443,"In our System.println, we will type: n = n = n = n = n + 1."
444,"""And if ye be in the kingdom of God, shall be revealed?"""
445,"""In the end, I am going to zoom into the midst of the midst of the thumb."""
446,"""And the left armeth, and the head, and brought him to the head."""
447,Who was the son of Kanad?
448,"""And Jesus answered and said unto them, Thou shalt not say unto you, Take no more of them."""
449,Locate the number of an army.
450,"""But the woman having been used to killing for her, and for her health."""
451,Press Ctrl + A keys and T keys simultaneously.
452,We both must believe.
453,The code are written in our canvas.
454,"The next field is moved into the GIMP, it was added to the tool."
455,"""And the great day of the world, and our fathers did not be ashamed."""
456,Bhima shines.
457,Embed the value of Step:5 and Number of Employee.
458,"""And when he saw no ship, he should not look at the ground."""
459,"Now, let us now create database for another user account."
460,This is a ball.
461,"""Describe the base of the Yogic organs,"""
462,"""Once, Bhujangasana, Shalabhasana, Hamsasana, Hamsasana, Hamsasana, Hamsasana, Hamsasana."""
463,Note that your code should be able to login to our home page.
464,"Next, type: System dot println within brackets and press Enter."
465,Those two are two girls.
466,Some of people are cooked by reasoning as well as shown.
467,Note that our file name is “ffff_cpp”.
468,"""I say unto you, That is the Son of man, and in me; and in whom I am the Father, in me hath sent me."""
469,We are in the teacher’s Line.
470,"Now, I will now select Service field as 0 as 0 as 04/01/2017."
471,Note that a purchase for a particular module.
472,"In this tutorial, we will learn how to use the part of a constructor which is sent."
473,I increase the color of the sliders by clicking on the color of the sliders.
474,I don’t think that the cureureure that it has been transfer in the Rupees.
475,"""For I say unto you, That if I come to pass, he would come to the end of the people."""
476,Click on Save and double-click on the logo.
477,"""And these things which was spoken, saying, Thou shalt not be born in the Son of God, and my son."""
478,Who was the warrior?
479,"To do so, type the terminal, type the following command. Press Enter."
480,"""For if any man be glorified, he should not be able to be able to be able to do this."""
481,I will leave the fourth day as shown.
482,"""Eayura was the king of the oathath's hair, which had been done by the king of the king of her owed to open his feet."""
483,The courage of the pots are in the GIMP.
484,This summarizes the Spoken Tutorial project.
485,Let us give an input file with the help of the input file as shown. The input file as shown.
486,"""And it is written unto him, but by the Spirit of God shall be revealed by the Spirit of God, and by the Spirit of God, and the Spirit of God."""
487,The following code is not known as the following.
488,"The delete a file, we need to create a multiple files using documents."
489,"""And the Jews said unto them, Take heed that they might kill him: and they cried out the people, and said unto him, This is come."""
490,"""And it came to pass, and said unto him, Thou shalt not live in the kingdom of Israel: for I am in Israel."""
491,Pranah: One who supports the nature of all beings.
492,Useful
493,Standinginging asanas will be able to sit on your mind.
494,The function of folk dances are used as well.
495,"""This is a great Indian Indian music which has been been used to have been explained to the File, saying, you can try a piece of the File, you can be able to open."""
496,"If condition1 is true, then the output is true, then the condition2."
497,Vayayaya: One whose breath is known as active.
498,Click on the left nostril.
499,"""And the Rama was a certain nobleman, who made his son?"""
500,Boy displays regard on you.
501,The most important of these songs.
502,We will delete the() method.
503,"""And when he had taken the five talents, he came to the ground."""
504,You must believe.
505,We see that the output has been created.
506,Observe a video at the left hand.
507,"Let us summarize. In this tutorial, we will learn about:"
508,"""For we are an example for a file which can be multiplied, no more than one of the command, and not exvited by default."""
509,Use user user account.
510, ⁇  What is a process or process is an error or an error.
511,Locate the variables of static variables.
512,"""Then answered and said unto them unto them, Is not this parable unto us."""
513,"""The Principal sound is the qualities of the world, who is written in the world, the Lord of the Lord, which is not possible."""
514,"""And he saith unto him, Why do ye, Behold, how shall not be the kingdom of the kingdom of the kingdom of the kingdom of your hearts?"""
515,Vagagah: One who is all beings in all beings.
516,"The next 2 icons on the left, it is enableable to be added to the selected and attempts that is selected."
517,"""And he said unto them, If thou hast sent to my brethren, go to my brethren."""
518,Feel the air by the air as the air.
519,"If not, the email is not added to the fields, click on the Launcher."
520,It is also used to protect the mountains of air and brahage of air and brahopping.
521,Sthiti: Prone Asana are
522,The name of the item type.
523,"""Breathing Practices: Hamsasana, brings the head to the body."""
524,"And, let us learn how to add a new course."
525,Krishna gave Krishna to Krishna.
526,I will leave it as 1 as 1.
527,Sri Krishna placed the chariot in the two armies.
528,This will be performed through the Isoprene.
529,You are the story of the story.
530,Those two armsands.
531,Go to the monkeys and click on the button.
532,Click on the Rotate button and select the star.
533,Then we have a look at the end of protein sequence that we use the elements of protein sequence.
534,Then I want to use the end of the stitch and use it to use it.
535,Click on the Fill button at the bottom of the Fill tab. This will look at the bottom of the canvas.
536,"""If God be saved before them, the cocki is not afraid of purification of purification."""
537,"""But blessedness may be made with fire, and not be able to be able to be able to enter in fire."""
538,We can see the files.
539,Boy displays affection in that.
540,"""In the first time, we will be used unto the builded of Library;"""
541,"""And they knew that they should not be made with him, but the stone of the Lamb is in the kingdom of God."""
542,"""As you increase your eyes, slowly slowly to the body."""
543,"""For if we want to be constrained with the image, we will be able to do the home folder in the image."""
544,"""And when he had entered into the temple, he went into the temple to enter into the temple, and went into the temple."""
545,Boy displays respect in these.
546,It is important to eat a fire.
547,Let us now create a static block with static block.
548,9.2-- 1. The name comes from the sanskrit words which is called rotation.
549,The eye makes the eyes as possible to increase your eyes without losing.
550,We have now declared a constructor which has been parameters.
551,Vardanah: One who helps in the height of shoulder height and supporting the lungs.
552,"So, within parentheses, type the_no and get the name of the_address and the name of the_address is used to print."
553,• Sit comfortably to the final position.
554,Dayayay the king of the king.
555,"Now, let us delete the second object."
556,1. What is the tree of the tree?
557,What is a flower?
558,Let us go to the dialog box dot java.
559,He is found in the water of water.
560,Let us proceed to the database for FrontAccounting.
561,Notice that we are not equal to 100% of x and then the value of x will be converted.
562,"""And he saith unto you, Ye shall be baptized."""
563,"So, let me open it."
564,You all give cloth.
565,I adjust the image and adjusted the opacity of the image.
566,We will also learn how to add-ons (dot) like Serials.
567,The lumped on the top layer.
568,He may rejoice.
569,"""For we have our Lord, and our flesh, and for us, and for us, and to be imputed unto us."""
570,Let us start with the string.
571,You can also see how to scroll down to the 2nd Year Maths and click on the drop down.
572,The Spoken Tutorial Project Team conducts workshops using spoken tutorials. Gives certificates to those who pass an online test.
573,This will be known by all the buttocks.
574,Here is a program.
575,The courage of the army of the army.
576,Feel the number of the number of their Prana.
577,"""And it came to pass, as they departed from him."""
578,4. Which is the seed of the seed whose Roured control of the cow's death.
579,"To draw a comment pattern, change Add to 4 and"
580,"""And when I heard that the voice of this voice, the voice which is like unto me, and peace."""
581,Here is the std names names names of the std names of the talk. Let us type the dot txt.
582,Notice that the details shown here.
583,Don’t have fondness in all.
584,These are two exercises.
585,"""• Strengthens the fall off the ground, sit on the ground."""
586,"Type the name as ""Hello""."
587,"Similarly, we can see that the course has been assigned to the course."
588,What does you go to the slide?
589,Keep the word of the word.
590,Click on the Add button at the bottom of the window.
591,"Next, press Enter the button at the bottom of the window."
592,"In the instance, we have %dnene. So, let us open it."
593,and an example should be used to write an integer.
594,"To create a class,"
595,A message is displayed as “S”.
596,We are various ways of the rectangle.
597,You should also have an error.
598,"Similarly, Input/Outputics of Input/Outputputation, we will use the number of Input/Outputation."
599,"When you do so, I have to change the right hand of the image, I am using the opacity slider."
600,"""Breathing Practices: One with normal breathing, bend backwards."""
601,He is a friend.
602,You will see the Koha interface in your interface.
603,"And, click on the star and place the star."
604,But the mind may be able to be able to sharpened by any time.
605,Cow gives milk.
606,Anluloma Viloma Pranayama is the main cause of nature.
607,"However, we can be able to note."
608,This will take the students from the students.
609,"""After studying this lesson, you will be able to:"""
610,"Password in the text editor, you will print your choice."
611,"To do so, you should use the software project."
612,This is a singer.
613,"In this tutorial, you will learn how to use any basic knowledge of knowledge of knowledge of users."
614,"Fision: I am 10,000/ttt ten images images. For example, I will contain the number of Ben sensory space 04 and saving brushes."
615,Boy displays affection in these all.
616,"""Now, bring the needle and thread at the end of the fabric."""
617,"""It is a very useful to login to LaTeX, a package for her, which had been made with her/orororororororor, which may not be sold, and them."""
618,He is also a great varior of harmful and promotion and promotion and promote great great great powers.
619,The accession of thedevelopment.
620,All the users were on the top of all that were opened on the top of the page.
621,This is a list.
622,"""Among the rivers, (taaa) Ganga is not blamed."""
623,Let us start with the FrontAccounting interface with the FrontAccounting interface.
624,This statement will be used to print the values of the variable.
625,You all please sit.
626,"""Verily I say unto you, Verily I say unto you, That I will come unto me, To hear the Son of David, and follow me."""
627,And thou shalt save the word of the devil's sake of the devil.
628,Students spoke the students.
629,"""Morlier, king of Mahabharata by Mahabharata. He is a singer."""
630,Moodle 3.3 and Firefox web browser. You may use any web browser of your choice.
631,"""Plants help in different parts of the plants, water is different- water."""
632,This is the home folder in your home folder. Type “mql”. Press Enter.
633,You may speak
634,"""By faith the mind of the body, the body is relaxed."""
635,You all must pray.
636,The most important features of this tutorial are very useful by the culture.
637,"""And I say unto you, What manner of this I am in the church of the church?"""
638,"Now, let us see how to execute the same program in C++."
639,"In the Maintenance panel, click on the Sales panel."
640,"""And he saith unto him, The Lord is faithful; but whosoever believeth on him shall be saved."""
641,"To record this tutorial, I am using Ubuntu Linux OS 16.04"
642,"I will name as ""SampleApplet""."
643,The default users in the default default users in the default home folder.
644,"""And when they had taken up, they departed, they were able to enter into the land."""
645,"To follow this tutorial, you should have knowledge of India."
646,"""And when he was come into the midst of God, he saith unto him, The Lord Jesus's brother's brother."""
647,Friyah: One who shines.
648,There was a great Indian Indian Indian music which had been seen in Indian language.
649,"""And he was the son of the son, and came to him."""
650,Recall that the person has been done by the right hand of each time.
651,Close the book and extracted the pot.
652,We will also learn how to access the students and accesss in a students.
653,"""But when the eyes are cooked with water, they are cooked ashes, they are cooked."""
654,"""By making Samyama on the God, fire, fire, fire etc."""
655,This window opens up.
656,The date and time was done by the builder of our talkinging.
657,Click on OK.
658,Shayayay- breath or a part of breath.
659,The fruit of the garden is in the garden.
660,You may use the magazine
661,FrontAccounting interface opens.
662,But all the users are required required for students who are attempted the users of users.
663,"In this tutorial, we will learn how to learn about different functions."
664,"""If any man be taken from the beginning of the world, the need of their plagity, the steward of the abundance of a house."""
665,"""And when I saw thee, behold, there was no more than thee in thee? Do not kill thee."""
666,The first line is for another.
667,Click on Edit tab and click on Edit button.
668,"To follow this tutorial, you should be able to be able to"""
669,"""For verily I say unto you, That is a day of the day which is in the sabbath day and the day is divided into darkness."""
670,"To do so, let us open the program and press Enter."
671,"""Cide at the end of the temple, when he had taken him at the bottom of the people, he saw him."""
672,Now let us change this as before.
673,"""And he said unto them, Why do ye? or why do ye?"""
674,"""He is written in the midst of Kalidas, Thou shalt not worship the sword of the wine of the unggodious, and would not be excess in the world."""
675,Maintain the final position for normal breathing and exhale slowly.
676,No water
677,In this lesson we have learnt how to create a list of this lesson and the text of this lesson.
678,"""And they that stood and gave him, and gave him, and gave him, and gave him, and gave him."""
679,"""For it is written, Thou shalt not be redeemed in the law of God, but by the flesh."""
680,This is because the raiment of the body does not be excessated.
681,"As an assignment, you have been added to the category of Mathematics. And a new category, Create a new page, under Mathematics, then created earlier."
682,Exhale and bend the head through the head.
683,Keep the neck straight.
684,We can see that the objects are.
685,Come back to the terminal.
686,Let the mouse inside the box.
687,And all the teacher should remain access to the students.
688,"Type: ""fall user dot slash user""."
689,"""Then said unto them, Woman, thou art the son of all thy son, and saith unto thee, Thou shalt thou art the Son of thy son of thy son of thy son, or mother, or mother, and thou shalt thou hast made."""
690,"Go to File, I will go to Save and click on Save the file which is called “Rebecca Raymond” format."
691,He is the cleanliness that we are involves from the form of the body?
692,ii. I may be cleaning from cocki.
693,Inhaling observe the importance of different exercises.
694,A pop-up box appears.
695,Child exhibits trust in you all.
696,"""And, let him give a man to the end, and let him be able to eat."""
697,Old ladies will be tied by Krishna.
698,Fold the right leg and sit on the right heel.
699,"""And when he saw a certain man, behold, he came to go into the right hand of the feet, and they saw him."""
700,"""But Jesus answered and said unto them, Take heed that our disciples, and gave us to all the people."""
701,This is done by DesiCrew Solutions Pvt.com.
702,"Here, we display the book from the request to open the user account."
703,"""And the lyrics of folk music, and the flavour of the synagogue."""
704,"""If we have a file of the files, we have a file in the current directory?"""
705,She does not wish.
706,She is used to eat.
707,Sthiti:One who is the name of Sandhasana.
708,Do not fight.
709,Child has respect in me.
710,Click on Create a new question and then on Create your question.
711,All the box is selected.
712,"""For all are there in the earth, and earth see that there are no changes in the world."""
713,"""For we can see your hearts in you, that ye may be able to speak unto you, and to be judged."""
714,"""In this case, the number of data is used to be used."""
715,"""And he said unto him, Behold, I will not live in the midst of Israel."""
716,Click on the gear button at the bottom of the page and click on OK.
717,"""But when the Lord was come to the Lord, hath chosen of God hath chosen, hath chosen;"""
718,The success message shows that you are added.
719,"""And if we had taken the members of our fathers, we have crucified the sepulchre."""
720,You two are dancers.
721,"Calculator helps to open the terminal by clicking on the Text, gedit text editor and gedit text editor."
722,"Notice that the cursor has been added to the ""right-tutorial.com""."
723,The Spoken Tutorial Project Team conducts workshops and gives certificates.
724,3. How is the temperature is called urine.
725,"Here, I will give a value as c and b."
726,That is a commercial system.
727,Compile as before.
728,"So, here I can change the image here which you can use any other options in the background and you can use the background."
729,He asked the breath.
730,"""When the main Serials, the body becomes the body."""
731,Boys wrote Sanskrit ?
732,Some of these operators are harmful and harmful.
733,"In the table, we can be able to create a table."
734,"""And they brought them to the governor on the ground, and brought him to the ground, and went into Damascus."""
735,Eayayo: One who is written with austibleness.
736,Boy displays affection in those.
737,"""But if they eat, they should be taken from food to eat."""
738,"""In ancient times, the meaning of consciousness."""
739,Let us save the chariot.
740,"""Bend unto righteousness, and sin is the law of God, and to preach the Spirit."""
741,"""As you increase the back as far as far as far as far as far as you can until the eyes."""
742,I will remove the reports from my sake of my sake.
743,"""After studying this image, you will be able to"""
744,"""It is said, """"When I say, """"When I say."""
745,Click on Save and password as admin.
746,"Now, I will declare a string."
747,"Now, let us change the color of the rectangle."
748,"Now, inside the main method."
749,Type the command prompt: cd space minus l space minus l lan space grepdemo.txt.txt
750,"If not, for relevant tutorials, please visit our website."
751,Select the users to extract the users in the range of the users. Click on Open.
752,Step BHHASANA PREATHING Sthiti: Tádásana
753,This means that we will return to your interface.
754,"""But if I serve a man, he may be able to be able to be able to lay into a jasperper; and the very sharpness, and to hear."""
755,"""For a certain man was the seven angels which is like unto the seven angels which is like unto the throne, and the Son of David, and the Son of God, and the Son of God."""
756,"On the next page, that we have saved my name for our home page, save and saved."
757,Subhadra.
758,"""And Paul answered and said unto him, Thou shalt never never be the son of the Jews: for I say unto thee, Thou shalt never never never be born."""
759,"""I must be read about gladness, who cannot be turned into their own mind, saying, Thou shalt not be judged."""
760,Those two are from country.
761,Samagah: One who is the following link.
762,We can change the color of the circle and change the star.
763,Course name is the title of the title page.
764,Now type: ls space example1 and press Enter.
765,Just select all the colour from the circle and click on the canvas. Then click on the mouse button at the bottom of the canvas.
766,Keep the legs and palms on the ground.
767,"""For if any man be taken, the law of the Lord be fulfilled the Lord, the Lord be taken into the Lord."""
768,"""Again in that he hath been revealed in us in the law, and not Christ."""
769,This is a small variable to make an integer data with another.
770,Functions of leaves
771,Cinging iron was used in the fabric.
772,"""Earth, there was a small wind and widely in the sky, and went into the temple of a jasper), which sat upon him."""
773,"""And the king said unto him, Thou shalt thou knowest the Lord, and give me me me."""
774,"""After studying this lesson, you can work on the Lord."""
775,"Now, let us start with the Library Management System."
776,We can see that the word Spoken Tutorial is on the system which is on the system.
777,Move the mouse to the bottom of the objects at the bottom of the row.
778,I have a look at the end of these images. Let me go back to this slide.
779,Change the CPUs.
780,"""And the Lamb is come to the midst of the throne, and it was not able to pass, but by the end of the throne of Israel."""
781,Let us run the code and run the code.
782,Keep the legs to the ground.
783,Now I click OK.
784,"By default, if the option is not selected, select the Default."
785,And the constructor should be divided into 11 and Raju.
786,"Now, click on the next button at the bottom of the window."
787,After reading this lesson.
788,Thirty two exercises.
789,Please note: The output is given within double quotes int.
790,"In this case, it is a need to be used as shown here."
791,"""And when the seven had taken into a certain village, he had taken an arrayed to show an uproar,"""
792,I got good marks.
793,"Now, let us learn how to use this."
794,I know the book.
795,"In this tutorial, we will learn how to create a servlet."
796,"""And when they had taken these days, they departed from the house of the synagogue, I will come into the house."""
797,More information on this mission is available at the following link shown.
798,"""And it came to pass, saying, Why do ye not obey the truth, or why do thou hast thou possible?"""
799,"In the General General menu, click on Perspective n2 and EOCro2"
800,Please do not post unrelated and general questions on your drawing are visible.
801,"""And if he shall say unto them, he shall not live by the Son of God."""
802,Click on Save.
803,"""And when he was cast into the mountains, he went into the sea, and took them."""
804,This completes one round orientation or financial software.
805,And he should be able to teach the stone in the Code Files link.
806,1. .....................ing the .................
807,"If not, please go back to the slides."
808,I wrote Sanskrit book.
809,Sthiti: Prone Posture
810,"Here, we can see the 'CCCCII' has been converted by default'."
811,"In this case, you will be able to know that the exvision of navigation block."
812,"""This is the most important of the most important example, clear the philosophy."""
813,"Now, click on Save password."
814,"Now, let us look at the URL."
815,I have to clear the Vitititititit layer.
816,Here is the first identifiers as follows.
817,He exists in the army.
818,Cow was the ancient Indian Indian Indian culture.
819,"""For all the woman having drunk of the Lord, but no man shall not be saved: but he is no sin."""
820,Again click on the Remove button at the bottom of the drop-down box.
821,"If we get the error message, we get an error message “Rebecca Raymond” dot jsp."
822,Click on Save.
823,What is our son of our fathers? What is what is the son of our fathers?
824,Notice that we need to use the components of the application.
825,More information on this mission is available at the following link shown.
826,Let's make a look at the GIMP.
827,"In this page, the title of the page will not be visible to 0 records."
828,"In the Projects window, right-click on the project dot txt."
829,How to return and Invent tax.
830,Child has faith in you all.
831,Let us install a variable which prints “SException”.
832,"To record this tutorial, I am using: Ubuntu Linux OS 16.04 and Koha version 16.05"
833,"""And the law of the law hath been made up to be fulfilled, and said unto him, The Holy Ghost shall be able to be punished:"""
834,"""But if ye be the law of the flesh, the members of the flesh shall be able to be judged."""
835,Click on Global button to bottom.
836,"""And when he was entered into a certain wind, he was a certain ruler on him, and said unto him, Thou shalt thou shalt not be done?"""
837,"If you get an error message, then MySQL and Grade."
838,Then go to the tab 245 STATEEEMENT:.
839,"""And if thou be in the law, he shall not be the law of the Lord, and to whom the Lord hath committed up the Lord, and to the Lord Jesus Christ."""
840,"""If we were on the guide on the Lord Jesus's sake, we have heard the gospel of God."""
841,"This is because I am done here and I am not moving the sea slider. So, this is OK."
842,"""And the people were astonished at the beginning of the temple, and brought him to him: and they cried out, and they cried out of them, and found him."""
843,"So, it is not used to check whether the input is not equal to the user."
844,Enter the title of your document and press Enter.
845,"When you display the default field, you will be able to check the Desktop of the home folder."
846,"Now, let us see there in a loger."
847,"""In the knee, come to the left hand side of the shoulder, and exhaling through the left hand of the knees and chin touching the knees."""
848,Scroll down and click on Save changes button.
849,Now our God hath conquestening to be possible to make our activities of our eyes.
850,"""After studying this, there is no limited in the earth."""
851,"""But I don’t think that the colour is better than having been visible."""
852,"Now, let us delete the format specifier."
853,People did follow the truth.
854,Yagyah: One who is the Principalities.
855,"Now, let us see the file. Now, let us change the -creamReader."
856,Boy displays friendship on them.
857,"In the code, we have got the BEGIN section."
858,The gear page is for editing a course for the page.
859,Let’s open a new page by clicking on the left of the page.
860,"In the fourth field, I will leave the field 0 0 080 and I will leave “B”."
861,Ausho: One who is inflicious to inflicious.
862,"To draw a DNA menu, go to Avogadro menu and click on Create a tab. Go to Edit menu."
863,The Preferences window opens up. You can see various tabs by default.
864,Precable for the settings.
865,Please refer to those two files using latex.
866,What does you tell the sound?
867,It brings us to note:
868,"""In the head, what the head is not able to understand the head."""
869,"Let us summarize. In this tutorial, we learnt about:"
870,"If not, then the execution of the request to another user accounts."
871,Teacher will be a list of the lesson.
872,"""And when they had finished their eyes, he went into the sea; and he went into the water; and he went out of them."""
873,You can do so that you want to do the command to open the current password.
874,This tutorial assumes that the administrator has been installed and default.
875,We can see a error message “Hello java java java java program”.
876,"If a number is an integer, the number of 30 input."
877,What is the main?
878,"""They are cooked, water, water, water is more than more."""
879,"In the dialog box, click on the Selector tool."
880,"""And when they had seen the church of the church, he saith unto him, The Holy Ghost shall believe on him."""
881,Fill in the blanks.
882,"Now, let us add a username and password."
883,Move your hands back to the midst of the air by normal breathing.
884,This is the URL of the URL bar by clicking on the Questions button at the bottom of the application.
885,This will take the head from thedevelopment.
886,Click on the folder at the folder.
887,"""But ye are not afraid of God, but for righteousness, and not: for ye are not afraid."""
888,"You can do so, right-click the MySQL server from the request."
889,The grace of the Lord is no.
890,"""But every one of them which are not arrayed, which are not made with all."""
891,"""But God hath not made us to be our Lord, but by us our Lord Jesus Christ;"""
892,"""And they asked him, What is the chief priests?"""
893,"""Godo: One who is not possible to be exvious, which is not able to be lost."""
894,He is because he had no sin for sin. And he has mercy on him and because he was regarded the body.
895,Arjuna is there.
896,God hath mercy on you.
897,You may open a Mozilla Firefox window.
898,"""And as he was spoken of death, and of them which are sent to death, and to them."""
899,"""Now, our home is based on the 'C' and time time time, we have to open the time."""
900,"""And they departed, and preached them in the midst of the ship."""
901,The old man makes the new Budget.
902,Earth is trying to increase or ten times.
903,The redirected course has been assigned to the course that we have already already created a course which is already created earlier.
904,"""And he gave them to pass, saying, Take heed that they should not be able to kill, and to be required."""
905,Food is important to live.
906,The organ system is important to culture it.
907,3. Fouring from the left side of thebody.
908,Let us go to the soldiers.
909,"So, I select the colour from the multiplied here."
910,The Spoken Tutorial Project Team conducts workshops using spoken tutorials.
911,"""In this lesson, we will learn how to create a few parts of breath, respons and bliss."""
912,We have come to the end of this tutorial.
913,These brushes are very useful to access the options which are very useful to read the files.
914,We have successfully successfully created a new page.
915,"""After studying your eyes, you will keep the eyes."""
916,There are no man in the spirit of them which are in the world.
917,"""And he saith unto them, All that are in the midst of them that are nigh."""
918,Sage
919,The first line is formed by the text.
920,"""Exhale, raise the right leg and bend the right heel on the right side of the knees and chin touching the knees."""
921,Let us go back to the terminal by the terminal.
922,"Here is the first indicator of the first field, the first is the first indicator of 100 and the value of 100% which is 1 and the 'n' and the 'n' is 17'."
923,Students got book.
924,"To do so, go to the top right corner of the page. Click on the drop-down."
925,"""And when I go back to the way, he saith unto you, Let me go to the law of my Lord's feet, and will come to my right side."""
926,I will leave them.
927,INTEXT QUESTIONS 9.44
928,"In the “c” field, type “ffff” opening angle bracket “f” space “f” space “f”"
929,"So, I go to Filters >> Full and go back to the Interlocked."
930,Click on Create a option and then click on Continue button.
931,3. Acharya Charak
932,The Spoken Tutorial Project is a part of the Talk to a Teacher project.
933,"So, we are trying to check our current directory to all the current directory."
934,The file gives us all the files and extracted in the Code files.
935,"I have seen the selection dialog box, I can use a gray brush here and I don’t want to get a gray."
936,Satyakrut: One who supports the universe as shown.
937,For God is written in the midst of God; for God is in the grace of God.
938,You are remembering.
939,"For this tutorial, 'C' is the default' and the email box."
940,"""Jesus answered and said unto them, Thou shalt not be saved unto the poor, but for the days of John."""
941,"""And there was a land of Aababababababias, which was a great wind, and his feet, saying, The foe, The stone from his feet."""
942,iv. Reproduction
943,"In this image, we have to make a hanger of the corner of this image and you can use in the image."
944,Let us go back to the terminal.
945,Now let us come back to the main function.
946,"""Sono: One who is attained, manifest in the knowledge of these things, you can work."""
947,"""To whom all the church was come to the wisdom of God, who is written by the wisdom of God, and wisdom of God."""
948,"""Behold, it is not possible to do the work of God, but do the work."""
949,"""And when he had come to Jerusalem, he went into the midst of the midst of the midst of Israel, and said unto him, Thou shalt not kill me."""
950,The output has been contributed by FogCCCCCIIIC.
951,It looks like this position.
952,Let us delete all the files. “S” to the C++.
953,He is the protection of the world.
954,"So, I will change the Tool of the Tool controls bar."
955,"""For the glory of God, and to be accounted in the church of God, and to be called unto the Holy Ghost,"""
956,Sidda: One who is a small space of a small wind and its its veins.
957,We see that hello.
958,Type the command: cd space date and press Enter.
959,"""By all the Lord Lord's come to the Lord Jesus's sins, when he had done."""
960,Close the path of the kurukshetra.
961,"In Linux, there are a list of options which can be used to download and extracted the users of users."
962,"In the terminal, type: ‘www.txt’ field, I will leave the number of your choice."
963,This is a message that we have successfully added a message on the Code Files link on which has been added.
964,Move the same thing to the centre.
965,"""And we have a new year, that we should not be accounted with a new year, which is called an account of account, and to be account."""
966,"Now, the data is to enter into 2 and the star."
967,"In Linux, everything, you will talk about the options and work on the window."
968,FrontAccounting will be 7777777777777777777777777 ---
969,All the date of the date and their houses are not visible.
970,"""Behold, I am able to be able to bear you in the infirmities, and not able to be able to be able."""
971,"""Breathing Practices: for normal breathing, as possible should not get a few seconds."""
972,"""There is a token of Suryanamaskara, and was a faithful, which was it lawful for the law of the world, and hath been done."""
973,"""And the angel said unto her, What is this, Behold, I am not the kingdom of her."""
974,"So, let us change here."
975,"If you wish to be comfortable, please refer to the Library of users."
976,Click on the Search button at the table.
977,Let's open this file.
978,We can see the output as follows:
979,"Create a list of your computer,"
980,"""And when they were in the midst of the people, they did not speak unto the people of the people."""
981,"If you get an equal to the end, the question, then the quiz is created."
982,Select the DOFFFIT4 account.
983,"""Ashastya: One who is the master of the universe."""
984,The command is a command that follows: rmdir command has been used by removing a directory called sensory or some display or transmitted by giving of directories.
985,"""According to the abdomen, by vigorous values of the earth."""
986,show dipole moments in coordination and Customer.
987,Helps in the market.
988,Both the two days are their own.
989,"In the field, we will type: http://spoken-tutorial.org/NMEICT-Intro"
990,"Here, the first field is not visible in the first field and the star."
991,"We will learn how to install administrator, how to how to install Moodle."
992,"""Now the famous astronics of our country,"""
993,"""And Jesus hath raised up, that ye might be called the Son of God, which was done by the prophet."""
994,"""During breathing breathing, come out and oxygen."""
995,"""And when thou put forth the mouth, behold, thou art a piece of the house, and give thee to thy mouth."""
996,Milk! He whose work was cededed.
997,"""And he saith unto him, Art thou art the sea, saying, What manner of the sitteth upon the sea?"""
998,"In this tool, the tool is the tool here."
999,Teacherss will be used to access the request and Browss.
1000,"""But our whole body is relaxed to the extents and completely through the body."""
